branch,model,mean_qlike,value_status,lower_is_better,source_status
raw,M0_har_rv,-7.144596,reported_exact,true,recovered_from_dated_research_dialogue_not_recomputed
raw,M2_pearson_current,-7.1354,reported_rounded,true,recovered_from_dated_research_dialogue_not_recomputed
raw,M3_pearson_dynamic,-7.1343,reported_rounded,true,recovered_from_dated_research_dialogue_not_recomputed
raw,M6_catboost_directed_current,-7.145484,reported_exact,true,recovered_from_dated_research_dialogue_not_recomputed
residual,M0_har_rv,-7.841625,reported_exact,true,recovered_from_dated_research_dialogue_not_recomputed
residual,M1_har_market,-7.830605,reported_exact,true,recovered_from_dated_research_dialogue_not_recomputed
residual,M6_catboost_directed_current,-7.838069,reported_exact,true,recovered_from_dated_research_dialogue_not_recomputed
residual,M7_catboost_directed_dynamic,-7.837915,reported_approximate,true,recovered_from_dated_research_dialogue_not_recomputed

