metric,value,value_status,source_status
catboost_pearson_edge_jaccard,0.056,approximate,recovered_from_dated_research_dialogue_not_recomputed
catboost_reciprocity,0.072,approximate,recovered_from_dated_research_dialogue_not_recomputed
pearson_reciprocity,1.0,definition,recovered_from_dated_research_dialogue_not_recomputed
temporal_jaccard_pearson,0.403,approximate,recovered_from_dated_research_dialogue_not_recomputed
temporal_jaccard_catboost_raw,0.299,approximate,recovered_from_dated_research_dialogue_not_recomputed
temporal_jaccard_catboost_residual,0.318,approximate,recovered_from_dated_research_dialogue_not_recomputed
raw_residual_edge_jaccard,0.193,approximate,recovered_from_dated_research_dialogue_not_recomputed
raw_residual_weighted_jaccard,0.151,approximate,recovered_from_dated_research_dialogue_not_recomputed
raw_residual_overlap_enrichment,3.75,approximate,recovered_from_dated_research_dialogue_not_recomputed

